label_id	anchor_x	anchor_y	anchor_z	bb_min_x	bb_min_y	bb_min_z	bb_max_x	bb_max_y	bb_max_z	n_pixels
0.0	7.917965934428074	14.130723870595718	0.8503285383873742	1.28	1.92	0.0	14.715	26.740000000000002	2.875	96787396.0
1.0	6.690355126602039	13.573532497267946	0.4474717214638346	2.54	2.2	0.0	14.535	26.645	2.13	4365767.0
2.0	8.137811217907066	14.48165325858583	0.9292471256184482	1.885	2.815	0.0	14.465	26.445	2.49	16082590.0
3.0	9.705803092067775	20.03543468947116	1.6316926389236492	1.5250000000000001	8.41	0.0	12.945	24.405	2.79	2121687.0
